"Status","Start Time","Stop Time","Duration in ms","Parent Suite","Suite","Sub Suite","Test Class","Test Method","Name","Description"
"passed","Mon Aug 19 10:31:38 CST 2019","Mon Aug 19 10:31:38 CST 2019","1","","test_1","","","","test_5","
    这是对函数的参数、返回值的一个注释
    就这个feel倍爽
    "
"passed","Mon Aug 19 10:31:38 CST 2019","Mon Aug 19 10:31:38 CST 2019","0","","test_1","","","","test_3",""
"passed","Mon Aug 19 10:31:38 CST 2019","Mon Aug 19 10:31:38 CST 2019","0","","test_1","","","","test_6",""
"passed","Mon Aug 19 10:31:38 CST 2019","Mon Aug 19 10:31:38 CST 2019","0","","test_1","","","","test_9",""
"passed","Sun Aug 25 15:38:54 CST 2019","Sun Aug 25 15:39:09 CST 2019","14960","","test_3","Testone","","","test_4[17530125505-11111]",""
"passed","Sun Aug 25 15:38:00 CST 2019","Sun Aug 25 15:38:16 CST 2019","15301","","test_3","Testone","","","test_4[ -111111]",""
"passed","Mon Aug 19 10:31:38 CST 2019","Mon Aug 19 10:31:38 CST 2019","1","","test_1","","","","test_case",""
"passed","Sun Aug 25 15:38:27 CST 2019","Sun Aug 25 15:38:42 CST 2019","14747","","test_3","Testone","","","test_4[17530125505- ]",""
"passed","Mon Aug 19 10:31:38 CST 2019","Mon Aug 19 10:31:38 CST 2019","0","","test_1","","","","test_10",""
"passed","Sun Aug 25 15:37:03 CST 2019","Sun Aug 25 15:37:08 CST 2019","4481","","test_3","Testone","","","test_3",""
"passed","Mon Aug 19 10:31:38 CST 2019","Mon Aug 19 10:31:38 CST 2019","1","","test_1","","","","test_2",""
"passed","Sun Aug 25 15:36:39 CST 2019","Sun Aug 25 15:36:41 CST 2019","2481","","test_3","Testone","","","test_2",""
"failed","Mon Aug 19 10:31:38 CST 2019","Mon Aug 19 10:31:38 CST 2019","0","","test_1","","","","test_4",""
"passed","Mon Aug 19 10:31:38 CST 2019","Mon Aug 19 10:31:38 CST 2019","2","","test_1","","","","test_11",""
"passed","Mon Aug 19 10:31:38 CST 2019","Mon Aug 19 10:31:38 CST 2019","1","","test_1","","","","test_7",""
"passed","Sun Aug 25 15:39:23 CST 2019","Sun Aug 25 15:39:39 CST 2019","15263","","test_3","Testone","","","test_4[17530125501-111111]",""
"passed","Sun Aug 25 15:37:33 CST 2019","Sun Aug 25 15:37:48 CST 2019","15487","","test_3","Testone","","","test_4[ - ]",""
"passed","Mon Aug 19 10:31:38 CST 2019","Mon Aug 19 10:31:38 CST 2019","1","","test_1","","","","test_8",""
"passed","Sun Aug 25 15:35:57 CST 2019","Sun Aug 25 15:36:25 CST 2019","27891","","test_3","Testone","","","test_1",""
"passed","Sun Aug 25 15:39:48 CST 2019","Sun Aug 25 15:39:57 CST 2019","8846","","test_3","Testone","","","test_4[17530125505-111111]",""
